{
  "JennyDurkanforSeattle": {
    "name": "Jenny Durkan for Seattle",
    "type": "Campaign",
    "candidate": "Jenny Durkan",
    "home": 7,
    "totalContrib": 865228.12,
    "totalExp": 674414.9799999996,
    "weeklyContrib": {
      "19": 20921,
      "20": 94414,
      "21": 25088,
      "22": 29756,
      "23": 30500,
      "24": 62961,
      "25": 25358,
      "26": 46743,
      "27": 27230,
      "28": 77109.84,
      "29": 26256.6,
      "30": 37542,
      "31": 15538,
      "32": 4050,
      "33": 15602,
      "34": 8480,
      "35": 20967,
      "36": 17575.13,
      "37": 42509.36,
      "38": 64048.05,
      "39": 41651,
      "40": 39626,
      "41": 48925,
      "42": 42377.14
    },
    "weeklyExp": {
      "19": 55.92,
      "20": 1921.4,
      "21": 41653.24,
      "22": 11435.44,
      "23": 10317.890000000001,
      "24": 4594.52,
      "25": 8985.26,
      "26": 14478.6,
      "27": 65097.229999999996,
      "28": 109110.67,
      "29": 65738.62,
      "30": 102933.24,
      "31": 30798.110000000004,
      "32": 6452.04,
      "33": 6672.52,
      "34": 4133,
      "35": 53552.090000000004,
      "36": 9020.960000000001,
      "37": 12179.52,
      "38": 2565.15,
      "39": 28836.6,
      "40": 23153.52,
      "41": 33124.38,
      "42": 27605.06
    },
    "seattle": 0,
    "districts": {
      "1": 43939,
      "2": 63732.4,
      "3": 182594,
      "4": 67872,
      "5": 22596,
      "6": 44812.25,
      "7": 169228.97,
      "other": 270453.5
    },
    "external": 247807.46,
    "selfFund": 400,
    "contributions": 4306,
    "expenditures": 326
  },
  "Cary Moon for Mayor": {
    "name": "Cary Moon for Mayor",
    "type": "Campaign",
    "candidate": "Cary Moon",
    "home": 7,
    "totalContrib": 323273,
    "totalExp": 258044.66999999993,
    "weeklyContrib": {
      "16": 10640,
      "17": 5255,
      "18": 4560,
      "19": 6935.889999999999,
      "20": 7431.86,
      "21": 44773,
      "22": 1852,
      "23": 4295,
      "24": 3745,
      "25": 1945,
      "26": 1775,
      "27": 745,
      "28": 52960,
      "29": 3676,
      "30": 3030,
      "31": 1415,
      "32": 22280,
      "33": 7975,
      "34": 7068,
      "35": 6310,
      "36": 8135.02,
      "37": 12490,
      "38": 7491,
      "39": 5948,
      "40": 9234.99,
      "41": 38690,
      "42": 42617.24
    },
    "weeklyExp": {
      "16": 786.63,
      "17": 75.48,
      "18": 287.09,
      "19": 3528.8799999999997,
      "20": 9634.69,
      "21": 282.36,
      "22": 7678.87,
      "23": 16831.9,
      "24": 16116.800000000001,
      "25": 500,
      "26": 10175.830000000002,
      "27": 22601.21,
      "28": 24769.72,
      "29": 209.05,
      "30": 7911.09,
      "31": 1450,
      "32": 33282.39,
      "33": 209.14,
      "34": 235,
      "35": 7323.47,
      "36": 13981.18,
      "37": 374.5,
      "38": 7106.4400000000005,
      "39": 1714.46,
      "40": 34300.08,
      "41": 36411.020000000004,
      "42": 267.39
    },
    "seattle": 0,
    "districts": {
      "1": 5041,
      "2": 15697,
      "3": 40702.99,
      "4": 15292,
      "5": 3757,
      "6": 12867.02,
      "7": 198335.86,
      "other": 31580.13
    },
    "external": 26200,
    "selfFund": 176520.86,
    "contributions": 951,
    "expenditures": 121
  },
  "People for Jenny Durkan": {
    "name": "People for Jenny Durkan",
    "type": "IEC",
    "candidate": "Jenny Durkan",
    "home": 7,
    "totalContrib": 846735,
    "totalExp": 118016.16000000002,
    "weeklyContrib": {
      "26": 100,
      "27": 50000,
      "29": 30000,
      "30": 41000,
      "36": 5000,
      "38": 1500,
      "39": 2500,
      "40": 2500,
      "41": 188635,
      "42": 525500
    },
    "weeklyExp": {
      "27": 30000,
      "28": 90,
      "29": 49500,
      "30": 30078.37,
      "31": 6184.75,
      "33": 2000,
      "35": 80.6,
      "40": 82.44
    },
    "seattle": 0,
    "districts": {
      "1": 100,
      "2": 500,
      "3": 5535,
      "4": 5000,
      "5": 0,
      "6": 0,
      "7": 793000,
      "other": 42600
    },
    "external": 27500,
    "selfFund": 0,
    "contributions": 28,
    "expenditures": 40
  },
  "PEOPLE FOR MOON": {
    "name": "People for Moon",
    "type": "IEC",
    "candidate": "Cary Moon",
    "home": 7,
    "totalContrib": 25000,
    "totalExp": 0,
    "weeklyContrib": {
      "42": 25000
    },
    "weeklyExp": {},
    "seattle": 0,
    "districts": {
      "1": 0,
      "2": 0,
      "3": 16500,
      "4": 2500,
      "5": 0,
      "6": 0,
      "7": 3000,
      "other": 3000
    },
    "external": 3000,
    "selfFund": 0,
    "contributions": 10,
    "expenditures": 0
  }
}